Model Name,Prediction Percentage
DenseNet,99.99042749404907
Xception,99.86816048622131
VGG19,98.80706071853638
CNN,86.99101209640503
ResNet50,52.2138774394989
